{"cameraMode":{"drawMode":0,"name":"Shaded","section":"Shading Mode"},"sceneLighting":true,"audioPlay":false,"sceneViewState":{"showFog":true,"showMaterialUpdate":false,"showSkybox":true,"showFlares":true,"showImageEffects":true,"showParticleSystems":true},"in2DMode":false,"pivot":{"x":-59.687713623046878,"y":6.147607803344727,"z":33.346595764160159},"rotation":{"x":0.007012368179857731,"y":0.9929843544960022,"z":-0.08451034873723984,"w":0.08240743726491928},"size":43.978633880615237,"orthographic":false}