{"cameraMode":{"drawMode":0,"name":"Shaded","section":"Shading Mode"},"sceneLighting":true,"audioPlay":false,"sceneViewState":{"showFog":true,"showMaterialUpdate":true,"showSkybox":true,"showFlares":true,"showImageEffects":true,"showParticleSystems":true},"in2DMode":false,"pivot":{"x":2.183159351348877,"y":-1.159001350402832,"z":0.39293718338012698},"rotation":{"x":-0.31904640793800356,"y":0.29714739322662356,"z":-0.10608287155628205,"w":-0.8936774134635925},"size":15.7718505859375,"orthographic":false}