{"cameraMode":{"drawMode":0,"name":"Shaded","section":"Shading Mode"},"sceneLighting":true,"audioPlay":false,"sceneViewState":{"showFog":true,"showMaterialUpdate":true,"showSkybox":true,"showFlares":true,"showImageEffects":true,"showParticleSystems":true},"in2DMode":false,"pivot":{"x":-11.939783096313477,"y":1.5779719352722169,"z":-9.918233871459961},"rotation":{"x":0.35890862345695498,"y":-0.159849613904953,"z":0.06253333389759064,"w":0.9174542427062988},"size":12.170609474182129,"orthographic":false}