{"cameraMode":{"drawMode":0,"name":"Shaded","section":"Shading Mode"},"sceneLighting":true,"audioPlay":false,"sceneViewState":{"showFog":true,"showMaterialUpdate":true,"showSkybox":true,"showFlares":true,"showImageEffects":true,"showParticleSystems":true},"in2DMode":false,"pivot":{"x":47.5605354309082,"y":-1.7223243713378907,"z":-15.252735137939454},"rotation":{"x":-0.3219514787197113,"y":0.024138610810041429,"z":-0.008211552165448666,"w":-0.9464128017425537},"size":31.845726013183595,"orthographic":false}