{"cameraMode":{"drawMode":0,"name":"Shaded","section":"Shading Mode"},"sceneLighting":true,"audioPlay":false,"sceneViewState":{"showFog":true,"showMaterialUpdate":true,"showSkybox":true,"showFlares":true,"showImageEffects":true,"showParticleSystems":true},"in2DMode":false,"pivot":{"x":9.81223201751709,"y":-0.4848750829696655,"z":-4.027860164642334},"rotation":{"x":-0.1587875634431839,"y":-0.8357987403869629,"z":0.31602942943573,"w":-0.4199434816837311},"size":3.556218147277832,"orthographic":false}