{"cameraMode":{"drawMode":0,"name":"Shaded","section":"Shading Mode"},"sceneLighting":true,"audioPlay":false,"sceneViewState":{"showFog":true,"showMaterialUpdate":true,"showSkybox":true,"showFlares":true,"showImageEffects":true,"showParticleSystems":true},"in2DMode":false,"pivot":{"x":-14.070062637329102,"y":-0.8348350524902344,"z":-18.41042709350586},"rotation":{"x":0.37346234917640688,"y":-0.30916059017181399,"z":0.13357992470264436,"w":0.8643506765365601},"size":16.089387893676759,"orthographic":false}