{"cameraMode":{"drawMode":0,"name":"Shaded","section":"Shading Mode"},"sceneLighting":true,"audioPlay":false,"sceneViewState":{"showFog":true,"showMaterialUpdate":true,"showSkybox":true,"showFlares":true,"showImageEffects":true,"showParticleSystems":true},"in2DMode":false,"pivot":{"x":-17.684242248535158,"y":-0.6401805877685547,"z":-14.44697380065918},"rotation":{"x":0.1001550555229187,"y":-0.8854381442070007,"z":0.2250017374753952,"w":0.39413517713546755},"size":10.957014083862305,"orthographic":false}