{"cameraMode":{"drawMode":0,"name":"Shaded","section":"Shading Mode"},"sceneLighting":false,"audioPlay":false,"sceneViewState":{"showFog":true,"showMaterialUpdate":true,"showSkybox":true,"showFlares":true,"showImageEffects":true,"showParticleSystems":true},"in2DMode":false,"pivot":{"x":0.12133121490478516,"y":1.2478387355804444,"z":0.05251908302307129},"rotation":{"x":0.11821809411048889,"y":-0.8300850987434387,"z":0.19247426092624665,"w":0.5098400712013245},"size":4.998874664306641,"orthographic":false}