{"cameraMode":{"drawMode":0,"name":"Shaded","section":"Shading Mode"},"sceneLighting":true,"audioPlay":false,"sceneViewState":{"showFog":true,"showMaterialUpdate":true,"showSkybox":true,"showFlares":true,"showImageEffects":true,"showParticleSystems":true},"in2DMode":false,"pivot":{"x":27.940000534057618,"y":0.0,"z":-8.819999694824219},"rotation":{"x":0.39989885687828066,"y":-0.2986723780632019,"z":0.13966141641139985,"w":0.8552020192146301},"size":28.208223342895509,"orthographic":false}