{"cameraMode":{"drawMode":0,"name":"Shaded","section":"Shading Mode"},"sceneLighting":true,"audioPlay":false,"sceneViewState":{"showFog":true,"showMaterialUpdate":true,"showSkybox":true,"showFlares":true,"showImageEffects":true,"showParticleSystems":true},"in2DMode":false,"pivot":{"x":-16.417613983154298,"y":-7.7890472412109379,"z":-3.2550439834594728},"rotation":{"x":-0.1900618076324463,"y":0.7561779022216797,"z":-0.2504301369190216,"w":-0.5738956928253174},"size":29.545135498046876,"orthographic":false}