{"cameraMode":{"drawMode":0,"name":"Shaded","section":"Shading Mode"},"sceneLighting":true,"audioPlay":false,"sceneViewState":{"showFog":true,"showMaterialUpdate":true,"showSkybox":true,"showFlares":true,"showImageEffects":true,"showParticleSystems":true},"in2DMode":false,"pivot":{"x":-15.212942123413086,"y":1.122429370880127,"z":-17.162879943847658},"rotation":{"x":-0.1900618076324463,"y":0.7561779022216797,"z":-0.2504301369190216,"w":-0.5738956928253174},"size":6.846006393432617,"orthographic":false}