{"cameraMode":{"drawMode":0,"name":"Shaded","section":"Shading Mode"},"sceneLighting":false,"audioPlay":false,"sceneViewState":{"showFog":true,"showMaterialUpdate":true,"showSkybox":true,"showFlares":true,"showImageEffects":true,"showParticleSystems":true},"in2DMode":false,"pivot":{"x":-14.965248107910157,"y":1.361615538597107,"z":-16.68996810913086},"rotation":{"x":-0.18310415744781495,"y":0.6741473078727722,"z":-0.17811879515647889,"w":-0.6930165886878967},"size":2.0460050106048586,"orthographic":false}