{"cameraMode":{"drawMode":0,"name":"Shaded","section":"Shading Mode"},"sceneLighting":false,"audioPlay":false,"sceneViewState":{"showFog":true,"showMaterialUpdate":true,"showSkybox":true,"showFlares":true,"showImageEffects":true,"showParticleSystems":true},"in2DMode":false,"pivot":{"x":-0.2129831314086914,"y":1.0743684768676758,"z":-0.906362771987915},"rotation":{"x":-0.1443387269973755,"y":0.3328041434288025,"z":-0.05162713676691055,"w":-0.930452823638916},"size":7.03138542175293,"orthographic":false}