{"cameraMode":{"drawMode":0,"name":"Shaded","section":"Shading Mode"},"sceneLighting":true,"audioPlay":false,"sceneViewState":{"showFog":true,"showMaterialUpdate":true,"showSkybox":true,"showFlares":true,"showImageEffects":true,"showParticleSystems":true},"in2DMode":false,"pivot":{"x":-111.4277114868164,"y":17.628591537475587,"z":210.6612548828125},"rotation":{"x":-0.3878689706325531,"y":0.017972610890865327,"z":-0.007564590312540531,"w":-0.921508252620697},"size":9.2244291305542,"orthographic":false}