{"cameraMode":{"drawMode":0,"name":"Shaded","section":"Shading Mode"},"sceneLighting":false,"audioPlay":false,"sceneViewState":{"showFog":true,"showMaterialUpdate":true,"showSkybox":true,"showFlares":true,"showImageEffects":true,"showParticleSystems":true},"in2DMode":false,"pivot":{"x":0.0,"y":2.7899999618530275,"z":-0.03748524188995361},"rotation":{"x":0.39989885687828066,"y":-0.2986723780632019,"z":0.13966141641139985,"w":0.8552020192146301},"size":23.35385513305664,"orthographic":false}