{"cameraMode":{"drawMode":0,"name":"Shaded","section":"Shading Mode"},"sceneLighting":false,"audioPlay":false,"sceneViewState":{"showFog":true,"showMaterialUpdate":true,"showSkybox":true,"showFlares":true,"showImageEffects":true,"showParticleSystems":true},"in2DMode":false,"pivot":{"x":-10.666748046875,"y":0.7984368801116943,"z":15.615106582641602},"rotation":{"x":0.11821809411048889,"y":-0.8300850987434387,"z":0.19247426092624665,"w":0.5098400712013245},"size":3.069437265396118,"orthographic":false}