{"cameraMode":{"drawMode":0,"name":"Shaded","section":"Shading Mode"},"sceneLighting":true,"audioPlay":false,"sceneViewState":{"showFog":true,"showMaterialUpdate":true,"showSkybox":true,"showFlares":true,"showImageEffects":true,"showParticleSystems":true},"in2DMode":false,"pivot":{"x":-57.355918884277347,"y":-38.68998336791992,"z":100.36180877685547},"rotation":{"x":-0.348593533039093,"y":0.03935006260871887,"z":-0.014649721793830395,"w":-0.9363330602645874},"size":85.0560302734375,"orthographic":false}