{"cameraMode":{"drawMode":0,"name":"Shaded","section":"Shading Mode"},"sceneLighting":false,"audioPlay":false,"sceneViewState":{"showFog":true,"showMaterialUpdate":true,"showSkybox":true,"showFlares":true,"showImageEffects":true,"showParticleSystems":true},"in2DMode":false,"pivot":{"x":-14.739999771118164,"y":0.8714234232902527,"z":-12.927485466003418},"rotation":{"x":0.1001550555229187,"y":-0.8854381442070007,"z":0.2250017374753952,"w":0.39413517713546755},"size":4.755262851715088,"orthographic":false}