{"cameraMode":{"drawMode":0,"name":"Shaded","section":"Shading Mode"},"sceneLighting":false,"audioPlay":false,"sceneViewState":{"showFog":true,"showMaterialUpdate":true,"showSkybox":true,"showFlares":true,"showImageEffects":true,"showParticleSystems":true},"in2DMode":false,"pivot":{"x":-22.437332153320314,"y":5.960464477539063e-8,"z":5.0316162109375},"rotation":{"x":0.39989885687828066,"y":-0.2986723780632019,"z":0.13966141641139985,"w":0.8552020192146301},"size":2.7650182247161867,"orthographic":false}