{"cameraMode":{"drawMode":0,"name":"Shaded","section":"Shading Mode"},"sceneLighting":true,"audioPlay":false,"sceneViewState":{"showFog":true,"showMaterialUpdate":true,"showSkybox":true,"showFlares":true,"showImageEffects":true,"showParticleSystems":true},"in2DMode":false,"pivot":{"x":-14.982932090759278,"y":0.9649111032485962,"z":-12.36497688293457},"rotation":{"x":0.11821809411048889,"y":-0.8300850987434387,"z":0.19247426092624665,"w":0.5098400712013245},"size":6.2104172706604,"orthographic":false}