{"cameraMode":{"drawMode":0,"name":"Shaded","section":"Shading Mode"},"sceneLighting":true,"audioPlay":false,"sceneViewState":{"showFog":true,"showMaterialUpdate":true,"showSkybox":true,"showFlares":true,"showImageEffects":true,"showParticleSystems":true},"in2DMode":false,"pivot":{"x":-12.702554702758789,"y":3.5896358489990236,"z":-6.813116073608398},"rotation":{"x":-0.26108625531196597,"y":0.29436618089675906,"z":-0.08394909650087357,"w":-0.9154971837997437},"size":15.37102222442627,"orthographic":false}