{"cameraMode":{"drawMode":0,"name":"Shaded","section":"Shading Mode"},"sceneLighting":true,"audioPlay":false,"sceneViewState":{"showFog":true,"showMaterialUpdate":true,"showSkybox":true,"showFlares":true,"showImageEffects":true,"showParticleSystems":true},"in2DMode":false,"pivot":{"x":-15.212942123413086,"y":1.122429370880127,"z":-17.162879943847658},"rotation":{"x":0.37346234917640688,"y":-0.30916059017181399,"z":0.13357992470264436,"w":0.8643506765365601},"size":11.346009254455567,"orthographic":false}