{"cameraMode":{"drawMode":0,"name":"Shaded","section":"Shading Mode"},"sceneLighting":false,"audioPlay":false,"sceneViewState":{"showFog":true,"showMaterialUpdate":true,"showSkybox":true,"showFlares":true,"showImageEffects":true,"showParticleSystems":true},"in2DMode":false,"pivot":{"x":7.700000762939453,"y":9.069999694824219,"z":-7.939998626708984},"rotation":{"x":0.37346234917640688,"y":-0.30916059017181399,"z":0.13357992470264436,"w":0.8643506765365601},"size":280.6230163574219,"orthographic":false}