{"cameraMode":{"drawMode":0,"name":"Shaded","section":"Shading Mode"},"sceneLighting":false,"audioPlay":false,"sceneViewState":{"showFog":true,"showMaterialUpdate":false,"showSkybox":true,"showFlares":true,"showImageEffects":true,"showParticleSystems":true},"in2DMode":false,"pivot":{"x":0.0,"y":0.9540821313858032,"z":-0.04380631446838379},"rotation":{"x":-0.011551587842404843,"y":-0.9816563129425049,"z":0.17954061925411225,"w":-0.06310852617025376},"size":5.48285436630249,"orthographic":true}