{"cameraMode":{"drawMode":0,"name":"Shaded","section":"Shading Mode"},"sceneLighting":false,"audioPlay":false,"sceneViewState":{"showFog":true,"showMaterialUpdate":false,"showSkybox":true,"showFlares":true,"showImageEffects":true,"showParticleSystems":true},"in2DMode":false,"pivot":{"x":0.11729836463928223,"y":0.7725224494934082,"z":-0.042525291442871097},"rotation":{"x":-0.2813667356967926,"y":0.4435422718524933,"z":-0.14895810186862946,"w":-0.8378033638000488},"size":4.586462020874023,"orthographic":false}