{"cameraMode":{"drawMode":0,"name":"Shaded","section":"Shading Mode"},"sceneLighting":true,"audioPlay":false,"sceneViewState":{"showFog":true,"showMaterialUpdate":false,"showSkybox":true,"showFlares":true,"showImageEffects":true,"showParticleSystems":true},"in2DMode":false,"pivot":{"x":73.9052734375,"y":9.159677505493164,"z":-69.82315826416016},"rotation":{"x":0.32458189129829409,"y":-0.30568617582321169,"z":0.11172023415565491,"w":0.888099730014801},"size":8.78799819946289,"orthographic":true}