{"cameraMode":{"drawMode":0,"name":"Shaded","section":"Shading Mode"},"sceneLighting":false,"audioPlay":false,"sceneViewState":{"showFog":true,"showMaterialUpdate":false,"showSkybox":true,"showFlares":true,"showImageEffects":true,"showParticleSystems":true},"in2DMode":false,"pivot":{"x":0.04699999839067459,"y":0.07400000095367432,"z":0.14000000059604646},"rotation":{"x":0.08707540482282639,"y":-0.8772545456886292,"z":0.17408545315265656,"w":0.438789963722229},"size":22.0,"orthographic":true}