{"cameraMode":{"drawMode":0,"name":"Shaded","section":"Shading Mode"},"sceneLighting":true,"audioPlay":false,"sceneViewState":{"showFog":true,"showMaterialUpdate":false,"showSkybox":true,"showFlares":true,"showImageEffects":true,"showParticleSystems":true},"in2DMode":false,"pivot":{"x":-3.839996099472046,"y":2.1696629524230959,"z":2.3699951171875},"rotation":{"x":0.30777791142463686,"y":-0.2655239999294281,"z":0.08987897634506226,"w":0.9092258214950562},"size":3.6581943035125734,"orthographic":true}