{"cameraMode":{"drawMode":0,"name":"Shaded","section":"Shading Mode"},"sceneLighting":false,"audioPlay":false,"sceneViewState":{"showFog":true,"showMaterialUpdate":false,"showSkybox":true,"showFlares":true,"showImageEffects":true,"showParticleSystems":true},"in2DMode":false,"pivot":{"x":-0.30296534299850466,"y":0.804409921169281,"z":1.2109887599945069},"rotation":{"x":-0.1029595136642456,"y":0.08285590261220932,"z":-0.008606337010860443,"w":-0.9911913275718689},"size":3.3864619731903078,"orthographic":false}