{"cameraMode":{"drawMode":0,"name":"Shaded","section":"Shading Mode"},"sceneLighting":true,"audioPlay":false,"sceneViewState":{"showFog":true,"showMaterialUpdate":false,"showSkybox":true,"showFlares":true,"showImageEffects":true,"showParticleSystems":true},"in2DMode":false,"pivot":{"x":-48.12007141113281,"y":10.662370681762696,"z":42.88358688354492},"rotation":{"x":0.24506260454654694,"y":-0.5525990724563599,"z":0.1742076426744461,"w":0.77732253074646},"size":11.25448226928711,"orthographic":true}