{"cameraMode":{"drawMode":0,"name":"Shaded","section":"Shading Mode"},"sceneLighting":false,"audioPlay":false,"sceneViewState":{"showFog":true,"showMaterialUpdate":false,"showSkybox":true,"showFlares":true,"showImageEffects":true,"showParticleSystems":true},"in2DMode":false,"pivot":{"x":6.314000129699707,"y":0.8895275592803955,"z":11.123000144958496},"rotation":{"x":0.3996362090110779,"y":-0.2760579586029053,"z":0.1275695562362671,"w":0.8647595047950745},"size":0.6784331202507019,"orthographic":true}