{"cameraMode":{"drawMode":0,"name":"Shaded","section":"Shading Mode"},"sceneLighting":false,"audioPlay":false,"sceneViewState":{"showFog":true,"showMaterialUpdate":false,"showSkybox":true,"showFlares":true,"showImageEffects":true,"showParticleSystems":true},"in2DMode":false,"pivot":{"x":0.37787365913391116,"y":1.319085955619812,"z":-0.5467244386672974},"rotation":{"x":0.03018701635301113,"y":0.9697322249412537,"z":-0.17736245691776277,"w":0.16507788002490998},"size":1.092808485031128,"orthographic":true}