{"cameraMode":{"drawMode":0,"name":"Shaded","section":"Shading Mode"},"sceneLighting":true,"audioPlay":false,"sceneViewState":{"showFog":true,"showMaterialUpdate":false,"showSkybox":true,"showFlares":true,"showImageEffects":true,"showParticleSystems":true},"in2DMode":false,"pivot":{"x":74.39996337890625,"y":10.139723777770996,"z":-84.35462188720703},"rotation":{"x":0.6373510956764221,"y":0.1483866274356842,"z":-0.12688013911247254,"w":0.7454304695129395},"size":22.3155574798584,"orthographic":true}