{"cameraMode":{"drawMode":0,"name":"Shaded","section":"Shading Mode"},"sceneLighting":true,"audioPlay":false,"sceneViewState":{"showFog":true,"showMaterialUpdate":false,"showSkybox":true,"showFlares":true,"showImageEffects":true,"showParticleSystems":true},"in2DMode":false,"pivot":{"x":6.314000129699707,"y":0.8895275592803955,"z":11.123000144958496},"rotation":{"x":0.30198386311531069,"y":0.22316595911979676,"z":-0.07294568419456482,"w":0.9239490032196045},"size":8.96324348449707,"orthographic":true}