{"cameraMode":{"drawMode":0,"name":"Shaded","section":"Shading Mode"},"sceneLighting":true,"audioPlay":false,"sceneViewState":{"showFog":true,"showMaterialUpdate":false,"showSkybox":true,"showFlares":true,"showImageEffects":true,"showParticleSystems":true},"in2DMode":false,"pivot":{"x":6.006603717803955,"y":14.236124992370606,"z":-75.9512710571289},"rotation":{"x":-0.041521597653627399,"y":0.9314268827438355,"z":-0.34358689188957217,"w":-0.11255230754613877},"size":12.441536903381348,"orthographic":true}