{"cameraMode":{"drawMode":0,"name":"Shaded","section":"Shading Mode"},"sceneLighting":false,"audioPlay":false,"sceneViewState":{"showFog":true,"showMaterialUpdate":false,"showSkybox":true,"showFlares":true,"showImageEffects":true,"showParticleSystems":true},"in2DMode":false,"pivot":{"x":0.0,"y":2.7899999618530275,"z":-0.06311465799808502},"rotation":{"x":0.011474037542939186,"y":-0.9842898845672607,"z":0.16177120804786683,"w":0.06979967653751373},"size":23.363393783569337,"orthographic":true}