{"cameraMode":{"drawMode":0,"name":"Shaded","section":"Shading Mode"},"sceneLighting":false,"audioPlay":false,"sceneViewState":{"showFog":true,"showMaterialUpdate":false,"showSkybox":true,"showFlares":true,"showImageEffects":true,"showParticleSystems":true},"in2DMode":false,"pivot":{"x":19.020000457763673,"y":0.6000000238418579,"z":-5.96999979019165},"rotation":{"x":0.041685476899147037,"y":-0.594386875629425,"z":0.03087414614856243,"w":0.8025044798851013},"size":8.670337677001954,"orthographic":true}