{"cameraMode":{"drawMode":0,"name":"Shaded","section":"Shading Mode"},"sceneLighting":true,"audioPlay":false,"sceneViewState":{"showFog":true,"showMaterialUpdate":false,"showSkybox":true,"showFlares":true,"showImageEffects":true,"showParticleSystems":true},"in2DMode":false,"pivot":{"x":0.8900001049041748,"y":0.8895276188850403,"z":-3.273341417312622},"rotation":{"x":0.23408950865268708,"y":0.111997090280056,"z":-0.02715945430099964,"w":0.9653606414794922},"size":19.64676856994629,"orthographic":true}