{"cameraMode":{"drawMode":0,"name":"Shaded","section":"Shading Mode"},"sceneLighting":true,"audioPlay":false,"sceneViewState":{"showFog":true,"showMaterialUpdate":false,"showSkybox":true,"showFlares":true,"showImageEffects":true,"showParticleSystems":true},"in2DMode":false,"pivot":{"x":53.11510467529297,"y":10.140091896057129,"z":-77.07328033447266},"rotation":{"x":0.22579722106456757,"y":-0.18141694366931916,"z":0.04283508285880089,"w":0.9561740159988403},"size":4.90939474105835,"orthographic":true}