{"cameraMode":{"drawMode":0,"name":"Shaded","section":"Shading Mode"},"sceneLighting":false,"audioPlay":false,"sceneViewState":{"showFog":true,"showMaterialUpdate":false,"showSkybox":true,"showFlares":true,"showImageEffects":true,"showParticleSystems":true},"in2DMode":false,"pivot":{"x":0.0,"y":2.7899999618530275,"z":-0.0633414089679718},"rotation":{"x":0.26108163595199587,"y":-0.31415900588035586,"z":0.0903022512793541,"w":0.9082874655723572},"size":23.350616455078126,"orthographic":true}