{"cameraMode":{"drawMode":0,"name":"Shaded","section":"Shading Mode"},"sceneLighting":true,"audioPlay":false,"sceneViewState":{"showFog":true,"showMaterialUpdate":false,"showSkybox":true,"showFlares":true,"showImageEffects":true,"showParticleSystems":true},"in2DMode":false,"pivot":{"x":7.530000686645508,"y":0.8895276188850403,"z":11.536659240722657},"rotation":{"x":0.3996362090110779,"y":-0.2760579586029053,"z":0.1275695562362671,"w":0.8647595047950745},"size":12.756367683410645,"orthographic":true}