{"cameraMode":{"drawMode":0,"name":"Shaded","section":"Shading Mode"},"sceneLighting":true,"audioPlay":false,"sceneViewState":{"showFog":true,"showMaterialUpdate":false,"showSkybox":true,"showFlares":true,"showImageEffects":true,"showParticleSystems":true},"in2DMode":false,"pivot":{"x":-4.324498176574707,"y":-1.5086681842803956,"z":7.769577980041504},"rotation":{"x":0.34144294261932375,"y":-0.04650278761982918,"z":0.016910811886191369,"w":0.9385991096496582},"size":8.96324348449707,"orthographic":true}