{"cameraMode":{"drawMode":0,"name":"Shaded","section":"Shading Mode"},"sceneLighting":false,"audioPlay":false,"sceneViewState":{"showFog":true,"showMaterialUpdate":false,"showSkybox":true,"showFlares":true,"showImageEffects":true,"showParticleSystems":true},"in2DMode":false,"pivot":{"x":-1.344265103340149,"y":1.4148428440093995,"z":-0.13960647583007813},"rotation":{"x":0.0006393759394995868,"y":-0.9910902380943298,"z":0.13310542702674867,"w":0.0047607519663870338},"size":2.9483304023742677,"orthographic":false}