{"cameraMode":{"drawMode":0,"name":"Shaded","section":"Shading Mode"},"sceneLighting":false,"audioPlay":false,"sceneViewState":{"showFog":true,"showMaterialUpdate":false,"showSkybox":true,"showFlares":true,"showImageEffects":true,"showParticleSystems":true},"in2DMode":false,"pivot":{"x":-0.07042145729064942,"y":0.7415716648101807,"z":-0.33675289154052737},"rotation":{"x":-0.2934563457965851,"y":0.43042024970054629,"z":-0.1503223180770874,"w":-0.8402529954910278},"size":4.586462020874023,"orthographic":false}