{"cameraMode":{"drawMode":0,"name":"Shaded","section":"Shading Mode"},"sceneLighting":true,"audioPlay":false,"sceneViewState":{"showFog":true,"showMaterialUpdate":false,"showSkybox":true,"showFlares":true,"showImageEffects":true,"showParticleSystems":true},"in2DMode":false,"pivot":{"x":61.18000030517578,"y":10.140000343322754,"z":-72.03623962402344},"rotation":{"x":0.11654230207204819,"y":-0.8783519864082336,"z":0.37436458468437197,"w":0.2734353244304657},"size":8.731527328491211,"orthographic":true}