{"cameraMode":{"drawMode":0,"name":"Shaded","section":"Shading Mode"},"sceneLighting":true,"audioPlay":false,"sceneViewState":{"showFog":true,"showMaterialUpdate":false,"showSkybox":true,"showFlares":true,"showImageEffects":true,"showParticleSystems":true},"in2DMode":false,"pivot":{"x":57.96486282348633,"y":9.948086738586426,"z":-80.52466583251953},"rotation":{"x":-0.7089352011680603,"y":-0.2723441421985626,"z":0.35353150963783266,"w":-0.5461273789405823},"size":1.4427577257156373,"orthographic":true}