{"cameraMode":{"drawMode":0,"name":"Shaded","section":"Shading Mode"},"sceneLighting":true,"audioPlay":false,"sceneViewState":{"showFog":true,"showMaterialUpdate":false,"showSkybox":true,"showFlares":true,"showImageEffects":true,"showParticleSystems":true},"in2DMode":false,"pivot":{"x":56.34483337402344,"y":10.140000343322754,"z":-72.81810760498047},"rotation":{"x":-0.30720046162605288,"y":0.3390207290649414,"z":-0.11816959083080292,"w":-0.8813221454620361},"size":7.051253318786621,"orthographic":true}