{"cameraMode":{"drawMode":0,"name":"Shaded","section":"Shading Mode"},"sceneLighting":true,"audioPlay":false,"sceneViewState":{"showFog":true,"showMaterialUpdate":false,"showSkybox":true,"showFlares":true,"showImageEffects":true,"showParticleSystems":true},"in2DMode":false,"pivot":{"x":67.50035095214844,"y":9.331137657165528,"z":-71.5287857055664},"rotation":{"x":-0.13596613705158235,"y":-0.8554551005363464,"z":0.41259750723838808,"w":-0.2819099724292755},"size":6.294253826141357,"orthographic":true}