{"cameraMode":{"drawMode":0,"name":"Shaded","section":"Shading Mode"},"sceneLighting":false,"audioPlay":false,"sceneViewState":{"showFog":true,"showMaterialUpdate":false,"showSkybox":true,"showFlares":true,"showImageEffects":true,"showParticleSystems":true},"in2DMode":false,"pivot":{"x":0.37787365913391116,"y":1.319085955619812,"z":-0.5467244386672974},"rotation":{"x":0.03638188913464546,"y":0.9302038550376892,"z":-0.09605760127305985,"w":0.35237792134284975},"size":1.6615686416625977,"orthographic":true}