{"cameraMode":{"drawMode":0,"name":"Shaded","section":"Shading Mode"},"sceneLighting":false,"audioPlay":false,"sceneViewState":{"showFog":true,"showMaterialUpdate":false,"showSkybox":true,"showFlares":true,"showImageEffects":true,"showParticleSystems":true},"in2DMode":false,"pivot":{"x":0.5247509479522705,"y":0.8499166965484619,"z":0.5374698638916016},"rotation":{"x":-0.2851305305957794,"y":0.36244824528694155,"z":-0.11750335991382599,"w":-0.8795026540756226},"size":4.586462020874023,"orthographic":false}