{"cameraMode":{"drawMode":0,"name":"Shaded","section":"Shading Mode"},"sceneLighting":false,"audioPlay":false,"sceneViewState":{"showFog":true,"showMaterialUpdate":false,"showSkybox":true,"showFlares":true,"showImageEffects":true,"showParticleSystems":true},"in2DMode":false,"pivot":{"x":19.98922348022461,"y":2.648097276687622,"z":-5.74664306640625},"rotation":{"x":0.03726014122366905,"y":-0.2404380589723587,"z":0.009236306883394719,"w":0.9699051380157471},"size":9.894886016845704,"orthographic":true}