{"cameraMode":{"drawMode":0,"name":"Shaded","section":"Shading Mode"},"sceneLighting":false,"audioPlay":false,"sceneViewState":{"showFog":true,"showMaterialUpdate":false,"showSkybox":true,"showFlares":true,"showImageEffects":true,"showParticleSystems":true},"in2DMode":false,"pivot":{"x":0.37787365913391116,"y":1.319085955619812,"z":-0.5467244386672974},"rotation":{"x":0.00041940531809814274,"y":0.9930515885353088,"z":-0.11762437224388123,"w":0.003589098574593663},"size":4.538623332977295,"orthographic":true}