{"cameraMode":{"drawMode":0,"name":"Shaded","section":"Shading Mode"},"sceneLighting":false,"audioPlay":false,"sceneViewState":{"showFog":true,"showMaterialUpdate":false,"showSkybox":true,"showFlares":true,"showImageEffects":true,"showParticleSystems":true},"in2DMode":false,"pivot":{"x":0.0,"y":0.9540821313858032,"z":-0.04380631446838379},"rotation":{"x":0.03399894759058952,"y":-0.9453775882720947,"z":0.10479520261287689,"w":0.30679526925086977},"size":1.7857550382614136,"orthographic":true}