{"cameraMode":{"drawMode":0,"name":"Shaded","section":"Shading Mode"},"sceneLighting":true,"audioPlay":false,"sceneViewState":{"showFog":true,"showMaterialUpdate":false,"showSkybox":true,"showFlares":true,"showImageEffects":true,"showParticleSystems":true},"in2DMode":false,"pivot":{"x":63.10698699951172,"y":15.02496337890625,"z":-72.2484359741211},"rotation":{"x":0.20013433694839478,"y":-0.7580875754356384,"z":0.27191925048828127,"w":0.5579510927200317},"size":11.839170455932618,"orthographic":true}