{"cameraMode":{"drawMode":0,"name":"Shaded","section":"Shading Mode"},"sceneLighting":true,"audioPlay":false,"sceneViewState":{"showFog":true,"showMaterialUpdate":false,"showSkybox":true,"showFlares":true,"showImageEffects":true,"showParticleSystems":true},"in2DMode":false,"pivot":{"x":66.05430603027344,"y":9.159690856933594,"z":-72.84688568115235},"rotation":{"x":0.570719838142395,"y":0.04428800940513611,"z":-0.030849825590848924,"w":0.8193690776824951},"size":3.0533087253570558,"orthographic":true}