{"cameraMode":{"drawMode":0,"name":"Shaded","section":"Shading Mode"},"sceneLighting":true,"audioPlay":false,"sceneViewState":{"showFog":true,"showMaterialUpdate":false,"showSkybox":true,"showFlares":true,"showImageEffects":true,"showParticleSystems":true},"in2DMode":false,"pivot":{"x":59.501617431640628,"y":9.877126693725586,"z":-76.37863159179688},"rotation":{"x":-0.09950421005487442,"y":0.8987960815429688,"z":-0.3303093910217285,"w":-0.2705993056297302},"size":4.385027885437012,"orthographic":true}