{"cameraMode":{"drawMode":0,"name":"Shaded","section":"Shading Mode"},"sceneLighting":false,"audioPlay":false,"sceneViewState":{"showFog":true,"showMaterialUpdate":false,"showSkybox":true,"showFlares":true,"showImageEffects":true,"showParticleSystems":true},"in2DMode":false,"pivot":{"x":-0.05467939376831055,"y":-0.0231640487909317,"z":0.7434117794036865},"rotation":{"x":-0.008795423433184624,"y":-0.2134377509355545,"z":0.001921601127833128,"w":-0.9769152402877808},"size":3.3635947704315187,"orthographic":false}