{"cameraMode":{"drawMode":0,"name":"Shaded","section":"Shading Mode"},"sceneLighting":false,"audioPlay":false,"sceneViewState":{"showFog":true,"showMaterialUpdate":false,"showSkybox":true,"showFlares":true,"showImageEffects":true,"showParticleSystems":true},"in2DMode":false,"pivot":{"x":0.04699999839067459,"y":0.07400000095367432,"z":0.14000000059604646},"rotation":{"x":-0.2649620473384857,"y":0.4537179470062256,"z":-0.1433410495519638,"w":-0.8386825919151306},"size":22.0,"orthographic":false}