{"cameraMode":{"drawMode":0,"name":"Shaded","section":"Shading Mode"},"sceneLighting":false,"audioPlay":false,"sceneViewState":{"showFog":true,"showMaterialUpdate":false,"showSkybox":false,"showFlares":true,"showImageEffects":true,"showParticleSystems":true},"in2DMode":false,"pivot":{"x":2.392794609069824,"y":2.010000228881836,"z":12.275623321533204},"rotation":{"x":-0.30851343274116518,"y":0.3145562708377838,"z":-0.10889293998479843,"w":-0.8910993933677673},"size":39.233970642089847,"orthographic":true}