{"cameraMode":{"drawMode":0,"name":"Shaded","section":"Shading Mode"},"sceneLighting":true,"audioPlay":false,"sceneViewState":{"showFog":true,"showMaterialUpdate":false,"showSkybox":true,"showFlares":true,"showImageEffects":true,"showParticleSystems":true},"in2DMode":false,"pivot":{"x":-4.009613990783691,"y":2.64737606048584,"z":3.1881320476531984},"rotation":{"x":-0.03963376209139824,"y":0.8991873860359192,"z":-0.4277254343032837,"w":-0.08332031220197678},"size":4.115603446960449,"orthographic":false}