{"cameraMode":{"drawMode":0,"name":"Shaded","section":"Shading Mode"},"sceneLighting":false,"audioPlay":false,"sceneViewState":{"showFog":true,"showMaterialUpdate":false,"showSkybox":true,"showFlares":true,"showImageEffects":true,"showParticleSystems":true},"in2DMode":false,"pivot":{"x":-15.155329704284668,"y":0.6763515472412109,"z":-16.958593368530275},"rotation":{"x":-0.1136474534869194,"y":0.8281376361846924,"z":-0.18171533942222596,"w":-0.5179304480552673},"size":2.849231243133545,"orthographic":false}