{"cameraMode":{"drawMode":0,"name":"Shaded","section":"Shading Mode"},"sceneLighting":false,"audioPlay":false,"sceneViewState":{"showFog":true,"showMaterialUpdate":false,"showSkybox":true,"showFlares":true,"showImageEffects":true,"showParticleSystems":true},"in2DMode":false,"pivot":{"x":-11.027600288391114,"y":2.193819999694824,"z":10.912757873535157},"rotation":{"x":-0.03963376209139824,"y":0.8991873860359192,"z":-0.4277254343032837,"w":-0.08332031220197678},"size":8.198661804199219,"orthographic":false}