{"cameraMode":{"drawMode":0,"name":"Shaded","section":"Shading Mode"},"sceneLighting":false,"audioPlay":false,"sceneViewState":{"showFog":true,"showMaterialUpdate":false,"showSkybox":true,"showFlares":true,"showImageEffects":true,"showParticleSystems":true},"in2DMode":false,"pivot":{"x":0.0,"y":2.140000343322754,"z":-0.026239663362503053},"rotation":{"x":-0.03963376209139824,"y":0.8991873860359192,"z":-0.4277254343032837,"w":-0.08332031220197678},"size":23.3439998626709,"orthographic":false}