{"cameraMode":{"drawMode":0,"name":"Shaded","section":"Shading Mode"},"sceneLighting":false,"audioPlay":false,"sceneViewState":{"showFog":true,"showMaterialUpdate":false,"showSkybox":true,"showFlares":true,"showImageEffects":true,"showParticleSystems":true},"in2DMode":false,"pivot":{"x":0.37787365913391116,"y":1.319085955619812,"z":-0.5467244386672974},"rotation":{"x":0.03351443633437157,"y":0.9543812274932861,"z":-0.11740267276763916,"w":0.27248841524124148},"size":1.1515461206436158,"orthographic":true}