{"cameraMode":{"drawMode":0,"name":"Shaded","section":"Shading Mode"},"sceneLighting":false,"audioPlay":false,"sceneViewState":{"showFog":true,"showMaterialUpdate":false,"showSkybox":true,"showFlares":true,"showImageEffects":true,"showParticleSystems":true},"in2DMode":false,"pivot":{"x":-0.19689452648162843,"y":1.595430850982666,"z":0.04303884506225586},"rotation":{"x":-0.020149586722254754,"y":-0.9751308560371399,"z":0.09981285035610199,"w":-0.19685322046279908},"size":2.9483304023742677,"orthographic":false}