{"cameraMode":{"drawMode":0,"name":"Shaded","section":"Shading Mode"},"sceneLighting":false,"audioPlay":false,"sceneViewState":{"showFog":true,"showMaterialUpdate":false,"showSkybox":true,"showFlares":true,"showImageEffects":true,"showParticleSystems":true},"in2DMode":false,"pivot":{"x":0.2840000092983246,"y":0.42800000309944155,"z":0.5910000205039978},"rotation":{"x":0.03598925098776817,"y":-0.9225690364837647,"z":0.08883975446224213,"w":0.37373611330986025},"size":22.0,"orthographic":true}