{"cameraMode":{"drawMode":0,"name":"Shaded","section":"Shading Mode"},"sceneLighting":true,"audioPlay":false,"sceneViewState":{"showFog":true,"showMaterialUpdate":false,"showSkybox":true,"showFlares":true,"showImageEffects":true,"showParticleSystems":true},"in2DMode":false,"pivot":{"x":-3.8400001525878908,"y":2.140000343322754,"z":2.3437602519989015},"rotation":{"x":0.08881717920303345,"y":-0.8554633855819702,"z":0.15646059811115266,"w":0.4856068193912506},"size":23.3439998626709,"orthographic":true}