{"cameraMode":{"drawMode":0,"name":"Shaded","section":"Shading Mode"},"sceneLighting":false,"audioPlay":false,"sceneViewState":{"showFog":true,"showMaterialUpdate":false,"showSkybox":true,"showFlares":true,"showImageEffects":true,"showParticleSystems":true},"in2DMode":false,"pivot":{"x":-15.275629043579102,"y":0.9191907048225403,"z":-17.171960830688478},"rotation":{"x":-0.03963376209139824,"y":0.8991873860359192,"z":-0.4277254343032837,"w":-0.08332031220197678},"size":4.9492316246032719,"orthographic":false}