{"cameraMode":{"drawMode":0,"name":"Shaded","section":"Shading Mode"},"sceneLighting":true,"audioPlay":false,"sceneViewState":{"showFog":true,"showMaterialUpdate":false,"showSkybox":true,"showFlares":true,"showImageEffects":true,"showParticleSystems":true},"in2DMode":false,"pivot":{"x":-4.9600677490234379,"y":2.7899999618530275,"z":4.857539653778076},"rotation":{"x":0.27192482352256777,"y":-0.00577412499114871,"z":0.001630829880014062,"w":0.9622998237609863},"size":23.363393783569337,"orthographic":true}