{"cameraMode":{"drawMode":0,"name":"Shaded","section":"Shading Mode"},"sceneLighting":false,"audioPlay":false,"sceneViewState":{"showFog":true,"showMaterialUpdate":false,"showSkybox":true,"showFlares":true,"showImageEffects":true,"showParticleSystems":true},"in2DMode":false,"pivot":{"x":0.0,"y":2.7899999618530275,"z":-0.03748524188995361},"rotation":{"x":0.10715582221746445,"y":-0.02535066194832325,"z":0.002731551183387637,"w":0.9939152598381043},"size":3.7968947887420656,"orthographic":true}