{"cameraMode":{"drawMode":0,"name":"Shaded","section":"Shading Mode"},"sceneLighting":true,"audioPlay":false,"sceneViewState":{"showFog":true,"showMaterialUpdate":false,"showSkybox":true,"showFlares":true,"showImageEffects":true,"showParticleSystems":true},"in2DMode":false,"pivot":{"x":57.181209564208987,"y":8.383709907531739,"z":-77.43620300292969},"rotation":{"x":0.18750479817390443,"y":-0.779554545879364,"z":0.27566400170326235,"w":0.5302320718765259},"size":13.9736328125,"orthographic":true}