{"cameraMode":{"drawMode":0,"name":"Shaded","section":"Shading Mode"},"sceneLighting":false,"audioPlay":false,"sceneViewState":{"showFog":true,"showMaterialUpdate":false,"showSkybox":true,"showFlares":true,"showImageEffects":true,"showParticleSystems":true},"in2DMode":false,"pivot":{"x":-11.011276245117188,"y":1.6025375127792359,"z":23.857025146484376},"rotation":{"x":-0.03963376209139824,"y":0.8991873860359192,"z":-0.4277254343032837,"w":-0.08332031220197678},"size":7.625671863555908,"orthographic":false}