{"cameraMode":{"drawMode":0,"name":"Shaded","section":"Shading Mode"},"sceneLighting":true,"audioPlay":false,"sceneViewState":{"showFog":true,"showMaterialUpdate":false,"showSkybox":true,"showFlares":true,"showImageEffects":true,"showParticleSystems":true},"in2DMode":false,"pivot":{"x":6.314000129699707,"y":0.8895275592803955,"z":11.123000144958496},"rotation":{"x":0.5347257256507874,"y":0.36662715673446658,"z":-0.2763516902923584,"w":0.7094242572784424},"size":11.795753479003907,"orthographic":true}