{"cameraMode":{"drawMode":0,"name":"Shaded","section":"Shading Mode"},"sceneLighting":false,"audioPlay":false,"sceneViewState":{"showFog":true,"showMaterialUpdate":false,"showSkybox":true,"showFlares":true,"showImageEffects":true,"showParticleSystems":true},"in2DMode":false,"pivot":{"x":1.8795651197433472,"y":1.514268398284912,"z":0.42826753854751589},"rotation":{"x":0.011474037542939186,"y":-0.9842898845672607,"z":0.16177120804786683,"w":0.06979967653751373},"size":2.5034966468811037,"orthographic":true}